Generation,Individual,Fitness Value,max_boron,pinpowerpeaking,fdeltah,cycle_length,Chromosome
0,0,-543.400,961.0,3.568,2.549,685.2,NSFA39GAD,NSFA455,NSFA455,NSFA23,NSFA23,NSFA455,NSFA455GAD,NSFA455
0,1,-224.000,1823.0,2.841,2.048,936.2,NSFA455GAD,NSFA39GAD,NSFA23GAD,NSFA39GAD,NSFA455GAD,NSFA39GAD,NSFA455GAD,NSFA39
0,2,434.900,950.0,2.403,1.705,691.1,NSFA23GAD,NSFA455,NSFA455,NSFA39,NSFA23,NSFA39GAD,NSFA23,NSFA455GAD
0,3,-16.600,811.0,2.75,1.982,544.6,NSFA39,NSFA455,NSFA455,NSFA23,NSFA39,NSFA39,NSFA39,NSFA23GAD
0,4,249.800,1189.0,2.791,2.012,845.4,NSFA39,NSFA455GAD,NSFA455,NSFA23,NSFA455,NSFA39GAD,NSFA23GAD,NSFA455GAD
0,5,-409.200,1796.0,3.092,2.234,936.0,NSFA23,NSFA39GAD,NSFA39GAD,NSFA39,NSFA455GAD,NSFA455GAD,NSFA23,NSFA455
0,6,718.000,1318.0,2.148,1.546,794.8,NSFA39,NSFA455,NSFA23GAD,NSFA23GAD,NSFA39GAD,NSFA23,NSFA23,NSFA39GAD
0,7,434.800,1410.0,2.488,1.799,891.4,NSFA455,NSFA23,NSFA39GAD,NSFA39,NSFA455GAD,NSFA39GAD,NSFA455,NSFA455
0,8,446.300,1024.0,2.435,1.753,744.1,NSFA455,NSFA23GAD,NSFA455,NSFA455GAD,NSFA455,NSFA455GAD,NSFA39,NSFA23
0,9,294.200,945.0,2.477,1.782,626.2,NSFA455,NSFA23GAD,NSFA23,NSFA23,NSFA455GAD,NSFA23,NSFA23GAD,NSFA39
0,10,546.000,923.0,2.244,1.623,689.4,NSFA23GAD,NSFA455,NSFA23,NSFA23GAD,NSFA23GAD,NSFA455,NSFA455GAD,NSFA455GAD
0,11,614.300,1051.0,2.242,1.613,750.9,NSFA455,NSFA23GAD,NSFA23,NSFA455GAD,NSFA455,NSFA23GAD,NSFA23GAD,NSFA39GAD
0,12,-81.100,1743.0,2.76,1.997,936.1,NSFA455GAD,NSFA455GAD,NSFA455GAD,NSFA23GAD,NSFA39GAD,NSFA455GAD,NSFA455GAD,NSFA39
0,13,-343.600,999.0,3.222,2.319,608.6,NSFA23GAD,NSFA455GAD,NSFA23,NSFA39,NSFA39,NSFA23GAD,NSFA455GAD,NSFA23
0,14,574.500,891.0,1.924,1.386,574.5,NSFA23,NSFA23,NSFA23GAD,NSFA23,NSFA23GAD,NSFA39,NSFA455,NSFA39GAD
0,15,-334.000,1257.0,3.292,2.369,676.2,NSFA39GAD,NSFA23,NSFA39GAD,NSFA23,NSFA23GAD,NSFA39,NSFA23,NSFA39GAD
0,16,-248.900,1067.0,3.199,2.299,682.1,NSFA39GAD,NSFA39,NSFA23,NSFA39,NSFA455GAD,NSFA39,NSFA455,NSFA23GAD
0,17,284.400,1044.0,2.515,1.813,650.2,NSFA23GAD,NSFA455,NSFA39,NSFA39GAD,NSFA39,NSFA39,NSFA39,NSFA455
0,18,-437.700,1158.0,3.401,2.446,662.3,NSFA455GAD,NSFA23GAD,NSFA39GAD,NSFA455,NSFA23,NSFA23GAD,NSFA39,NSFA455
0,19,-191.900,1242.0,3.27,2.359,803.5,NSFA23,NSFA455GAD,NSFA455GAD,NSFA455,NSFA455,NSFA23GAD,NSFA455,NSFA23
0,20,-361.300,1296.0,3.448,2.48,777.9,NSFA39GAD,NSFA39,NSFA39GAD,NSFA455,NSFA455,NSFA23GAD,NSFA455GAD,NSFA23GAD
0,21,230.200,823.0,2.432,1.745,522.0,NSFA23GAD,NSFA23GAD,NSFA39,NSFA39,NSFA39,NSFA455,NSFA23GAD,NSFA455
0,22,485.000,1324.0,2.448,1.767,820.4,NSFA455GAD,NSFA39,NSFA23GAD,NSFA39GAD,NSFA455GAD,NSFA455GAD,NSFA23GAD,NSFA23
0,23,443.200,1299.0,2.51,1.806,802.8,NSFA39GAD,NSFA23,NSFA455,NSFA39GAD,NSFA23GAD,NSFA23,NSFA455GAD,NSFA39GAD
0,24,-653.100,1163.0,3.603,2.585,611.1,NSFA455,NSFA39GAD,NSFA23,NSFA39,NSFA23GAD,NSFA23GAD,NSFA39,NSFA455
0,25,-273.900,1593.0,3.156,2.278,920.3,NSFA23,NSFA39GAD,NSFA455GAD,NSFA455GAD,NSFA39,NSFA455GAD,NSFA23,NSFA455GAD
0,26,563.900,901.0,2.035,1.467,563.9,NSFA23GAD,NSFA23,NSFA39,NSFA23,NSFA23GAD,NSFA455GAD,NSFA39GAD,NSFA39
0,27,-3.300,814.0,2.736,1.966,542.7,NSFA455,NSFA23GAD,NSFA23GAD,NSFA23GAD,NSFA455,NSFA23GAD,NSFA23,NSFA39
0,28,631.100,1291.0,2.444,1.758,935.5,NSFA39GAD,NSFA23,NSFA455,NSFA455,NSFA455GAD,NSFA455GAD,NSFA455GAD,NSFA455GAD
0,29,-360.400,1348.0,3.441,2.48,824.0,NSFA455GAD,NSFA455GAD,NSFA455GAD,NSFA455,NSFA39,NSFA455,NSFA39GAD,NSFA23GAD
1,0,48.300,1423.0,2.946,2.125,896.7,NSFA455,NSFA39GAD,NSFA23,NSFA455,NSFA455GAD,NSFA23GAD,NSFA39,NSFA455GAD
1,1,-723.700,1184.0,3.654,2.617,580.1,NSFA455,NSFA39GAD,NSFA39,NSFA39,NSFA23GAD,NSFA23GAD,NSFA23GAD,NSFA39
1,2,-171.600,1491.0,2.962,2.137,758.4,NSFA455,NSFA39GAD,NSFA23,NSFA39,NSFA39GAD,NSFA23GAD,NSFA39,NSFA39
1,3,131.000,1795.0,2.446,1.767,936.6,NSFA455,NSFA39GAD,NSFA39,NSFA455GAD,NSFA39GAD,NSFA23GAD,NSFA39,NSFA39GAD
1,4,-35.200,1434.0,2.989,2.155,859.4,NSFA455,NSFA39GAD,NSFA39,NSFA39,NSFA455GAD,NSFA23GAD,NSFA23GAD,NSFA455GAD
2,0,-542.100,1223.0,3.492,2.513,634.5,NSFA455,NSFA39GAD,NSFA39,NSFA23GAD,NSFA39,NSFA455GAD,NSFA23GAD,NSFA39
2,1,-860.100,1168.0,3.819,2.742,584.7,NSFA23GAD,NSFA39GAD,NSFA39,NSFA23,NSFA39,NSFA455,NSFA23GAD,NSFA39
2,2,-1139.900,1258.0,4.192,2.976,594.5,NSFA455GAD,NSFA39GAD,NSFA39,NSFA39,NSFA39,NSFA23GAD,NSFA23GAD,NSFA39
2,3,-282.900,1354.0,3.249,2.342,747.9,NSFA455,NSFA39GAD,NSFA23GAD,NSFA23,NSFA455GAD,NSFA23GAD,NSFA23GAD,NSFA39
2,4,-1200.500,1236.0,4.256,3.015,582.9,NSFA455GAD,NSFA39GAD,NSFA39,NSFA23,NSFA39,NSFA23,NSFA23GAD,NSFA39
3,0,-1310.700,1636.0,4.093,2.93,692.5,NSFA455GAD,NSFA39GAD,NSFA39GAD,NSFA39,NSFA39,NSFA39,NSFA23GAD,NSFA23
3,1,-1176.000,1211.0,4.242,3.004,595.2,NSFA455GAD,NSFA39GAD,NSFA23,NSFA23,NSFA39,NSFA455,NSFA23GAD,NSFA23
3,2,-1266.100,1644.0,4.056,2.907,716.5,NSFA455GAD,NSFA39GAD,NSFA39GAD,NSFA39,NSFA39,NSFA455,NSFA23GAD,NSFA23
3,3,-1164.700,1248.0,4.261,3.015,620.7,NSFA455GAD,NSFA39GAD,NSFA455,NSFA23,NSFA39,NSFA23,NSFA23GAD,NSFA23
3,4,-1190.800,1639.0,4.019,2.881,756.4,NSFA455GAD,NSFA39GAD,NSFA39GAD,NSFA23,NSFA39,NSFA455,NSFA23GAD,NSFA455
4,0,-379.600,1460.0,3.323,2.392,816.8,NSFA455GAD,NSFA39GAD,NSFA455,NSFA39,NSFA39,NSFA39,NSFA39GAD,NSFA39GAD
4,1,-274.100,1419.0,3.274,2.355,839.5,NSFA455GAD,NSFA39GAD,NSFA23,NSFA23,NSFA455,NSFA39,NSFA39GAD,NSFA39GAD
4,2,-812.400,1753.0,3.601,2.593,908.8,NSFA455GAD,NSFA39GAD,NSFA39GAD,NSFA39,NSFA455,NSFA23,NSFA455,NSFA39GAD
4,3,-1173.200,1669.0,3.977,2.855,771.6,NSFA455GAD,NSFA39GAD,NSFA39GAD,NSFA39,NSFA455,NSFA23,NSFA23GAD,NSFA39
4,4,-536.200,1635.0,3.451,2.485,942.2,NSFA455GAD,NSFA39GAD,NSFA455GAD,NSFA39,NSFA455,NSFA455GAD,NSFA23GAD,NSFA39GAD
5,0,-819.800,1392.0,3.84,2.753,732.0,NSFA455GAD,NSFA39GAD,NSFA39,NSFA455GAD,NSFA39,NSFA39,NSFA23GAD,NSFA455
5,1,-529.200,1399.0,3.398,2.449,670.4,NSFA39,NSFA39GAD,NSFA39,NSFA39GAD,NSFA39,NSFA39,NSFA23GAD,NSFA39
5,2,-866.500,1546.0,3.703,2.669,734.1,NSFA23,NSFA39GAD,NSFA39GAD,NSFA455,NSFA39,NSFA39,NSFA455,NSFA23
5,3,-524.000,1306.0,3.532,2.543,692.6,NSFA39,NSFA39GAD,NSFA39,NSFA455GAD,NSFA39,NSFA39,NSFA455,NSFA39
5,4,-1021.100,1498.0,3.978,2.844,746.5,NSFA455GAD,NSFA39GAD,NSFA455GAD,NSFA39,NSFA39,NSFA39,NSFA455GAD,NSFA23
6,0,-907.800,1304.0,3.951,2.821,641.2,NSFA455GAD,NSFA39GAD,NSFA39,NSFA23,NSFA39,NSFA39GAD,NSFA23,NSFA39
6,1,-888.200,1321.0,3.913,2.798,648.8,NSFA455GAD,NSFA39GAD,NSFA39,NSFA23GAD,NSFA39,NSFA39GAD,NSFA23,NSFA23GAD
6,2,-1621.700,1685.0,4.446,3.166,713.3,NSFA39GAD,NSFA39GAD,NSFA39GAD,NSFA23,NSFA23,NSFA23GAD,NSFA23,NSFA455
6,3,-1187.000,1449.0,4.171,2.968,683.2,NSFA455GAD,NSFA39GAD,NSFA455GAD,NSFA23,NSFA39,NSFA23GAD,NSFA23,NSFA23GAD
6,4,-1623.900,1702.0,4.417,3.149,706.3,NSFA39GAD,NSFA39GAD,NSFA39GAD,NSFA23GAD,NSFA23,NSFA455,NSFA23,NSFA39
7,0,-1260.500,1451.0,4.246,3.018,671.7,NSFA39GAD,NSFA455GAD,NSFA39GAD,NSFA23GAD,NSFA23,NSFA23,NSFA23GAD,NSFA23
7,1,-1630.700,1700.0,4.425,3.154,703.7,NSFA39GAD,NSFA39GAD,NSFA39GAD,NSFA39,NSFA23,NSFA455,NSFA23GAD,NSFA23
7,2,-1623.500,1698.0,4.424,3.153,707.9,NSFA39GAD,NSFA39GAD,NSFA39GAD,NSFA23GAD,NSFA23,NSFA23,NSFA455,NSFA39
7,3,-1714.600,1673.0,4.52,3.216,668.0,NSFA39GAD,NSFA39GAD,NSFA39GAD,NSFA23,NSFA23,NSFA23GAD,NSFA23,NSFA23
7,4,-1656.000,1698.0,4.438,3.163,687.0,NSFA39GAD,NSFA39GAD,NSFA39GAD,NSFA23GAD,NSFA23,NSFA39,NSFA23GAD,NSFA39
8,0,-1645.600,1701.0,4.424,3.153,688.8,NSFA39GAD,NSFA39GAD,NSFA39GAD,NSFA23,NSFA23GAD,NSFA23,NSFA39,NSFA23GAD
8,1,-1631.500,1718.0,4.389,3.132,693.3,NSFA39GAD,NSFA39GAD,NSFA39GAD,NSFA23GAD,NSFA39,NSFA39,NSFA23GAD,NSFA23
8,2,-1668.900,1697.0,4.449,3.17,681.7,NSFA39GAD,NSFA39GAD,NSFA39GAD,NSFA23,NSFA23GAD,NSFA23,NSFA23GAD,NSFA23
8,3,-1608.500,1706.0,4.398,3.137,710.9,NSFA39GAD,NSFA39GAD,NSFA39GAD,NSFA23,NSFA39,NSFA39,NSFA455,NSFA23
8,4,-1646.100,1714.0,4.407,3.144,689.1,NSFA39GAD,NSFA39GAD,NSFA39GAD,NSFA39,NSFA39,NSFA23,NSFA39,NSFA23
9,0,-1377.500,1781.0,4.111,2.949,789.3,NSFA39GAD,NSFA39GAD,NSFA39GAD,NSFA455,NSFA23,NSFA39GAD,NSFA23GAD,NSFA39
9,1,-1413.300,1781.0,4.113,2.952,756.1,NSFA39GAD,NSFA39GAD,NSFA39GAD,NSFA39,NSFA23GAD,NSFA39GAD,NSFA23,NSFA39
9,2,-1469.600,1753.0,4.2,3.007,739.6,NSFA39GAD,NSFA39GAD,NSFA39GAD,NSFA39,NSFA23,NSFA39GAD,NSFA23GAD,NSFA23
9,3,-1442.200,1763.0,4.16,2.982,746.0,NSFA39GAD,NSFA39GAD,NSFA39GAD,NSFA23,NSFA39,NSFA39GAD,NSFA39,NSFA23
9,4,-1303.800,1596.0,4.205,2.997,744.4,NSFA39GAD,NSFA39GAD,NSFA455GAD,NSFA23,NSFA39,NSFA39GAD,NSFA23,NSFA23GAD
10,0,-1395.600,1746.0,4.176,2.989,786.2,NSFA39GAD,NSFA39GAD,NSFA39GAD,NSFA23,NSFA39,NSFA23GAD,NSFA39,NSFA455GAD
10,1,-1407.200,1755.0,4.175,2.99,783.8,NSFA39GAD,NSFA39GAD,NSFA39GAD,NSFA39,NSFA39,NSFA23,NSFA23,NSFA455GAD
10,2,-1373.500,1763.0,4.135,2.964,793.9,NSFA39GAD,NSFA39GAD,NSFA39GAD,NSFA39,NSFA23GAD,NSFA23GAD,NSFA39,NSFA455GAD
10,3,-1419.900,1737.0,4.21,3.011,779.7,NSFA39GAD,NSFA39GAD,NSFA39GAD,NSFA39,NSFA23,NSFA23GAD,NSFA39,NSFA455GAD
10,4,-1729.900,1669.0,4.54,3.228,663.9,NSFA39GAD,NSFA39GAD,NSFA39GAD,NSFA23,NSFA23,NSFA23,NSFA23,NSFA23
11,0,-1440.700,1744.0,4.191,2.999,751.1,NSFA39GAD,NSFA39GAD,NSFA39GAD,NSFA39,NSFA23,NSFA39,NSFA39GAD,NSFA23GAD
11,1,-1490.500,1721.0,4.264,3.046,735.7,NSFA39GAD,NSFA39GAD,NSFA39GAD,NSFA23,NSFA23,NSFA39,NSFA39GAD,NSFA23
11,2,-1072.100,2017.0,3.601,2.592,912.5,NSFA39GAD,NSFA39GAD,NSFA39GAD,NSFA39GAD,NSFA23,NSFA455GAD,NSFA39GAD,NSFA39
11,3,-1321.800,1775.0,4.062,2.916,799.6,NSFA39GAD,NSFA39GAD,NSFA39GAD,NSFA23GAD,NSFA23,NSFA455GAD,NSFA39GAD,NSFA23
11,4,-1504.600,1717.0,4.282,3.057,731.4,NSFA39GAD,NSFA39GAD,NSFA39GAD,NSFA23,NSFA23,NSFA23,NSFA39GAD,NSFA23
12,0,-1081.900,2046.0,3.557,2.564,897.3,NSFA39GAD,NSFA39GAD,NSFA39GAD,NSFA23,NSFA39GAD,NSFA455,NSFA39,NSFA23
12,1,-1122.500,2037.0,3.588,2.586,873.3,NSFA39GAD,NSFA39GAD,NSFA39GAD,NSFA23,NSFA39GAD,NSFA39,NSFA23,NSFA39
12,2,-1085.700,2042.0,3.567,2.571,897.7,NSFA39GAD,NSFA39GAD,NSFA39GAD,NSFA23,NSFA39GAD,NSFA23GAD,NSFA455,NSFA23
12,3,-928.100,2095.0,3.372,2.432,946.9,NSFA39GAD,NSFA39GAD,NSFA39GAD,NSFA23,NSFA39GAD,NSFA23GAD,NSFA39GAD,NSFA23GAD
12,4,-1071.800,2061.0,3.536,2.549,905.0,NSFA39GAD,NSFA39GAD,NSFA39GAD,NSFA23GAD,NSFA39GAD,NSFA39,NSFA455,NSFA23
13,0,-1600.000,1706.0,4.392,3.132,714.0,NSFA39GAD,NSFA39GAD,NSFA39GAD,NSFA23,NSFA23GAD,NSFA23,NSFA455,NSFA23GAD
13,1,-1661.100,1711.0,4.424,3.155,684.5,NSFA39GAD,NSFA39GAD,NSFA39GAD,NSFA39,NSFA39,NSFA23,NSFA23,NSFA23
13,2,-1567.700,1723.0,4.35,3.105,730.3,NSFA39GAD,NSFA39GAD,NSFA39GAD,NSFA23GAD,NSFA23GAD,NSFA23,NSFA23,NSFA455
13,3,-1653.100,1683.0,4.466,3.18,696.3,NSFA39GAD,NSFA39GAD,NSFA39GAD,NSFA23,NSFA23,NSFA455,NSFA39,NSFA23
13,4,-1708.300,1686.0,4.499,3.203,671.1,NSFA39GAD,NSFA39GAD,NSFA39GAD,NSFA23GAD,NSFA23,NSFA23,NSFA23,NSFA23
14,0,-1631.500,1718.0,4.389,3.132,693.3,NSFA39GAD,NSFA39GAD,NSFA39GAD,NSFA39,NSFA23GAD,NSFA39,NSFA39,NSFA23
14,1,-1608.300,1705.0,4.4,3.137,710.9,NSFA39GAD,NSFA39GAD,NSFA39GAD,NSFA39,NSFA23,NSFA455,NSFA39,NSFA39
14,2,-1622.800,1718.0,4.382,3.127,696.2,NSFA39GAD,NSFA39GAD,NSFA39GAD,NSFA23GAD,NSFA39,NSFA23,NSFA39,NSFA39
14,3,-1692.600,1690.0,4.48,3.19,675.4,NSFA39GAD,NSFA39GAD,NSFA39GAD,NSFA39,NSFA23,NSFA23GAD,NSFA23,NSFA23
14,4,-1715.200,1672.0,4.523,3.217,668.2,NSFA39GAD,NSFA39GAD,NSFA39GAD,NSFA23,NSFA23,NSFA23,NSFA39,NSFA23
15,0,-1646.000,1715.0,4.405,3.143,688.8,NSFA39GAD,NSFA39GAD,NSFA39GAD,NSFA23GAD,NSFA39,NSFA23GAD,NSFA23,NSFA23
15,1,-1692.800,1689.0,4.482,3.191,675.6,NSFA39GAD,NSFA39GAD,NSFA39GAD,NSFA23GAD,NSFA23,NSFA23,NSFA39,NSFA23
15,2,-1692.600,1690.0,4.48,3.19,675.4,NSFA39GAD,NSFA39GAD,NSFA39GAD,NSFA23GAD,NSFA23,NSFA23GAD,NSFA23,NSFA23
15,3,-1631.500,1718.0,4.389,3.132,693.3,NSFA39GAD,NSFA39GAD,NSFA39GAD,NSFA23GAD,NSFA23GAD,NSFA39,NSFA39,NSFA23
15,4,-1605.200,1715.0,4.397,3.136,722.2,NSFA39GAD,NSFA39GAD,NSFA39GAD,NSFA455,NSFA23,NSFA23GAD,NSFA39,NSFA23
16,0,-1624.700,1720.0,4.381,3.127,695.9,NSFA39GAD,NSFA39GAD,NSFA39GAD,NSFA23GAD,NSFA23GAD,NSFA23GAD,NSFA23,NSFA23GAD
16,1,-1645.500,1702.0,4.422,3.152,688.5,NSFA39GAD,NSFA39GAD,NSFA39GAD,NSFA23,NSFA39,NSFA23GAD,NSFA23,NSFA23GAD
16,2,-1414.600,1853.0,4.065,2.925,791.4,NSFA39GAD,NSFA39GAD,NSFA39GAD,NSFA455GAD,NSFA23GAD,NSFA23GAD,NSFA23,NSFA23GAD
16,3,-1691.800,1677.0,4.496,3.199,675.0,NSFA39GAD,NSFA39GAD,NSFA39GAD,NSFA23,NSFA23,NSFA39,NSFA23,NSFA39
16,4,-1492.900,1818.0,4.178,2.997,766.5,NSFA39GAD,NSFA39GAD,NSFA39GAD,NSFA455GAD,NSFA23,NSFA23,NSFA23,NSFA23
17,0,-1683.900,1694.0,4.466,3.181,677.1,NSFA39GAD,NSFA39GAD,NSFA39GAD,NSFA23,NSFA39,NSFA23,NSFA23,NSFA23
17,1,-1691.800,1677.0,4.496,3.199,675.0,NSFA39GAD,NSFA39GAD,NSFA39GAD,NSFA23,NSFA23,NSFA39,NSFA23,NSFA23GAD
17,2,-1632.400,1698.0,4.431,3.158,704.8,NSFA39GAD,NSFA39GAD,NSFA39GAD,NSFA23GAD,NSFA23,NSFA39,NSFA455,NSFA23
17,3,-1585.200,1693.0,4.41,3.142,729.0,NSFA39GAD,NSFA39GAD,NSFA39GAD,NSFA23,NSFA23,NSFA455,NSFA455,NSFA39
17,4,-1668.900,1697.0,4.449,3.17,681.7,NSFA39GAD,NSFA39GAD,NSFA39GAD,NSFA23,NSFA39,NSFA23,NSFA23GAD,NSFA23
18,0,-1677.700,1693.0,4.463,3.179,679.9,NSFA39GAD,NSFA39GAD,NSFA39GAD,NSFA23GAD,NSFA23,NSFA39,NSFA39,NSFA23
18,1,-1585.200,1726.0,4.351,3.107,717.4,NSFA39GAD,NSFA39GAD,NSFA39GAD,NSFA23GAD,NSFA39,NSFA455,NSFA39,NSFA23
18,2,-1252.800,1780.0,3.998,2.873,822.2,NSFA39GAD,NSFA39GAD,NSFA39GAD,NSFA23,NSFA39,NSFA455,NSFA39,NSFA39GAD
18,3,-1181.600,1806.0,3.925,2.823,860.2,NSFA39GAD,NSFA39GAD,NSFA39GAD,NSFA39,NSFA39,NSFA455,NSFA455,NSFA39GAD
18,4,-1676.800,1680.0,4.479,3.188,679.6,NSFA39GAD,NSFA39GAD,NSFA39GAD,NSFA23,NSFA23,NSFA23GAD,NSFA39,NSFA23GAD
19,0,-1645.500,1702.0,4.422,3.152,688.5,NSFA39GAD,NSFA39GAD,NSFA39GAD,NSFA23,NSFA39,NSFA39,NSFA23,NSFA23GAD
19,1,-1559.400,1263.0,4.685,3.3,566.6,NSFA39GAD,NSFA39GAD,NSFA23,NSFA23,NSFA23,NSFA39,NSFA39,NSFA23GAD
19,2,-1582.800,1720.0,4.372,3.119,729.4,NSFA39GAD,NSFA39GAD,NSFA39GAD,NSFA455,NSFA23,NSFA39,NSFA39,NSFA23GAD
19,3,-683.000,1161.0,3.621,2.597,595.6,NSFA455,NSFA39GAD,NSFA23,NSFA23GAD,NSFA39,NSFA455,NSFA23GAD,NSFA23GAD
19,4,-433.700,1017.0,3.36,2.399,621.7,NSFA455,NSFA455GAD,NSFA455,NSFA39,NSFA39,NSFA39,NSFA23GAD,NSFA23GAD
20,0,-1630.500,1705.0,4.405,3.141,693.1,NSFA39GAD,NSFA39GAD,NSFA39GAD,NSFA23,NSFA39,NSFA39,NSFA39,NSFA23GAD
20,1,-1631.600,1685.0,4.448,3.167,704.8,NSFA39GAD,NSFA39GAD,NSFA39GAD,NSFA23,NSFA23,NSFA39,NSFA455,NSFA39
20,2,-1714.600,1673.0,4.52,3.216,668.0,NSFA39GAD,NSFA39GAD,NSFA39GAD,NSFA23,NSFA23,NSFA39,NSFA23,NSFA23
20,3,-1041.600,1503.0,4.001,2.857,748.0,NSFA39GAD,NSFA455GAD,NSFA39GAD,NSFA23,NSFA23GAD,NSFA39,NSFA455GAD,NSFA23GAD
20,4,-1479.500,1733.0,4.255,3.041,752.1,NSFA39GAD,NSFA39GAD,NSFA39GAD,NSFA23,NSFA39,NSFA23GAD,NSFA455GAD,NSFA23GAD
21,0,-1691.800,1677.0,4.496,3.199,675.0,NSFA39GAD,NSFA39GAD,NSFA39GAD,NSFA23,NSFA23,NSFA23GAD,NSFA23,NSFA39
21,1,-1609.100,1723.0,4.364,3.115,700.5,NSFA39GAD,NSFA39GAD,NSFA39GAD,NSFA23GAD,NSFA23GAD,NSFA23GAD,NSFA39,NSFA39
21,2,-1609.100,1723.0,4.364,3.115,700.5,NSFA39GAD,NSFA39GAD,NSFA39GAD,NSFA23GAD,NSFA23GAD,NSFA39,NSFA23GAD,NSFA39
21,3,-1622.800,1718.0,4.382,3.127,696.2,NSFA39GAD,NSFA39GAD,NSFA39GAD,NSFA39,NSFA23GAD,NSFA23,NSFA39,NSFA39
21,4,-1440.700,1744.0,4.191,2.999,751.1,NSFA39GAD,NSFA39GAD,NSFA39GAD,NSFA39,NSFA23,NSFA23GAD,NSFA39GAD,NSFA39
22,0,-1692.800,1689.0,4.482,3.191,675.6,NSFA39GAD,NSFA39GAD,NSFA39GAD,NSFA23GAD,NSFA23,NSFA23,NSFA23GAD,NSFA23
22,1,-1371.000,1297.0,4.556,3.214,651.8,NSFA39GAD,NSFA39GAD,NSFA23,NSFA455,NSFA23,NSFA23,NSFA23GAD,NSFA455
22,2,-1550.400,1274.0,4.674,3.293,567.0,NSFA39GAD,NSFA39GAD,NSFA23,NSFA23GAD,NSFA23,NSFA39,NSFA23GAD,NSFA23
22,3,-1473.300,1298.0,4.593,3.241,580.5,NSFA39GAD,NSFA39GAD,NSFA23,NSFA23GAD,NSFA39,NSFA23GAD,NSFA23GAD,NSFA23
22,4,-1184.200,1345.0,4.294,3.042,675.6,NSFA39GAD,NSFA39GAD,NSFA23,NSFA39,NSFA39,NSFA23,NSFA23GAD,NSFA455GAD
23,0,-1671.000,1694.0,4.457,3.175,682.8,NSFA39GAD,NSFA39GAD,NSFA39GAD,NSFA23GAD,NSFA23,NSFA23,NSFA23GAD,NSFA23GAD
23,1,-1656.000,1698.0,4.438,3.163,687.0,NSFA39GAD,NSFA39GAD,NSFA39GAD,NSFA39,NSFA23,NSFA39,NSFA39,NSFA39
23,2,-1622.800,1718.0,4.382,3.127,696.2,NSFA39GAD,NSFA39GAD,NSFA39GAD,NSFA39,NSFA39,NSFA23,NSFA23GAD,NSFA39
23,3,-1457.600,1751.0,4.213,3.015,759.6,NSFA39GAD,NSFA39GAD,NSFA39GAD,NSFA39,NSFA39,NSFA39,NSFA455GAD,NSFA39
23,4,-1510.000,1310.0,4.627,3.265,581.8,NSFA39GAD,NSFA39GAD,NSFA39,NSFA39,NSFA23,NSFA39,NSFA23GAD,NSFA23GAD
24,0,-1692.500,1676.0,4.498,3.201,675.3,NSFA39GAD,NSFA39GAD,NSFA39GAD,NSFA23,NSFA23,NSFA23,NSFA39,NSFA39
24,1,-1645.600,1701.0,4.424,3.153,688.8,NSFA39GAD,NSFA39GAD,NSFA39GAD,NSFA23,NSFA23GAD,NSFA23,NSFA39,NSFA39
24,2,-1677.700,1693.0,4.463,3.179,679.9,NSFA39GAD,NSFA39GAD,NSFA39GAD,NSFA39,NSFA23,NSFA23GAD,NSFA39,NSFA23
24,3,-1656.000,1698.0,4.438,3.163,687.0,NSFA39GAD,NSFA39GAD,NSFA39GAD,NSFA39,NSFA23,NSFA23GAD,NSFA23GAD,NSFA23GAD
24,4,-1656.000,1698.0,4.438,3.163,687.0,NSFA39GAD,NSFA39GAD,NSFA39GAD,NSFA39,NSFA23,NSFA39,NSFA39,NSFA23GAD
25,0,-1495.300,1752.0,4.271,3.054,769.5,NSFA39GAD,NSFA39GAD,NSFA39GAD,NSFA39,NSFA455,NSFA39,NSFA23GAD,NSFA23
25,1,-1471.800,1756.0,4.246,3.037,776.8,NSFA39GAD,NSFA39GAD,NSFA39GAD,NSFA39,NSFA455,NSFA39,NSFA39,NSFA39
25,2,-1393.400,1574.0,4.366,3.102,760.2,NSFA39GAD,NSFA39GAD,NSFA455GAD,NSFA39,NSFA455,NSFA39,NSFA23,NSFA23
25,3,-1400.000,1560.0,4.39,3.116,757.6,NSFA39GAD,NSFA39GAD,NSFA455GAD,NSFA23,NSFA455,NSFA39,NSFA39,NSFA23
25,4,-1009.700,1581.0,3.911,2.806,791.3,NSFA39GAD,NSFA39GAD,NSFA39,NSFA39GAD,NSFA455,NSFA455,NSFA39,NSFA23
26,0,-1574.900,1506.0,4.569,3.233,670.5,NSFA39GAD,NSFA39GAD,NSFA455GAD,NSFA23,NSFA23,NSFA39,NSFA23,NSFA23GAD
26,1,-1551.200,1523.0,4.527,3.206,678.2,NSFA39GAD,NSFA39GAD,NSFA455GAD,NSFA23GAD,NSFA23,NSFA23,NSFA39,NSFA23GAD
26,2,-1490.500,1533.0,4.475,3.172,707.7,NSFA39GAD,NSFA39GAD,NSFA455GAD,NSFA39,NSFA23,NSFA23GAD,NSFA455,NSFA23GAD
26,3,-1559.800,1522.0,4.535,3.212,675.4,NSFA39GAD,NSFA39GAD,NSFA455GAD,NSFA39,NSFA23,NSFA23GAD,NSFA39,NSFA23
26,4,-864.700,1350.0,3.85,2.766,656.9,NSFA23GAD,NSFA39GAD,NSFA455GAD,NSFA23GAD,NSFA23,NSFA23GAD,NSFA23GAD,NSFA23GAD
27,0,-1661.200,1698.0,4.441,3.165,684.2,NSFA39GAD,NSFA39GAD,NSFA39GAD,NSFA23,NSFA39,NSFA23,NSFA23,NSFA39
27,1,-917.400,1578.0,3.805,2.733,794.4,NSFA39GAD,NSFA455GAD,NSFA39GAD,NSFA455,NSFA39,NSFA39GAD,NSFA23,NSFA39
27,2,-989.400,1555.0,3.868,2.774,749.2,NSFA39GAD,NSFA455GAD,NSFA39GAD,NSFA39,NSFA23GAD,NSFA39GAD,NSFA39,NSFA23
27,3,-649.900,1645.0,3.477,2.503,859.7,NSFA39GAD,NSFA455GAD,NSFA39GAD,NSFA23GAD,NSFA39,NSFA39GAD,NSFA23,NSFA39GAD
27,4,-689.000,1615.0,3.543,2.55,845.2,NSFA39GAD,NSFA455GAD,NSFA39GAD,NSFA39,NSFA23,NSFA39GAD,NSFA23,NSFA39GAD
28,0,-1204.400,1373.0,4.273,3.03,667.8,NSFA39GAD,NSFA39GAD,NSFA39,NSFA23,NSFA23GAD,NSFA455,NSFA39GAD,NSFA23
28,1,-1653.800,1701.0,4.43,3.158,686.0,NSFA39GAD,NSFA39GAD,NSFA39GAD,NSFA23,NSFA23GAD,NSFA23GAD,NSFA39,NSFA23
28,2,-1242.200,1367.0,4.301,3.048,646.0,NSFA39GAD,NSFA39GAD,NSFA39,NSFA23GAD,NSFA23,NSFA39,NSFA39GAD,NSFA23GAD
28,3,-1207.800,1387.0,4.243,3.012,655.6,NSFA39GAD,NSFA39GAD,NSFA39,NSFA39,NSFA39,NSFA23,NSFA39GAD,NSFA23GAD
28,4,-1242.200,1367.0,4.301,3.048,646.0,NSFA39GAD,NSFA39GAD,NSFA39,NSFA39,NSFA23,NSFA23GAD,NSFA39GAD,NSFA23GAD
29,0,-977.000,822.0,3.807,2.715,446.8,NSFA39GAD,NSFA23,NSFA23,NSFA23GAD,NSFA23,NSFA23,NSFA23,NSFA23GAD
29,1,-503.600,926.0,3.318,2.385,526.6,NSFA39GAD,NSFA23,NSFA23,NSFA23GAD,NSFA23GAD,NSFA23GAD,NSFA39GAD,NSFA23
29,2,-167.200,716.0,2.789,2.012,427.6,NSFA455,NSFA23,NSFA23,NSFA23,NSFA23,NSFA23GAD,NSFA23,NSFA23GAD
29,3,217.600,813.0,2.425,1.769,521.0,NSFA455,NSFA23,NSFA23,NSFA23,NSFA23,NSFA455,NSFA39GAD,NSFA39
29,4,-609.100,784.0,3.356,2.416,454.9,NSFA455GAD,NSFA23,NSFA23,NSFA23GAD,NSFA23,NSFA23GAD,NSFA39,NSFA23GAD
30,0,-1692.800,1689.0,4.482,3.191,675.6,NSFA39GAD,NSFA39GAD,NSFA39GAD,NSFA39,NSFA23,NSFA23,NSFA23GAD,NSFA23
30,1,-1656.000,1698.0,4.438,3.163,687.0,NSFA39GAD,NSFA39GAD,NSFA39GAD,NSFA39,NSFA23,NSFA39,NSFA23GAD,NSFA39
30,2,-1677.700,1693.0,4.463,3.179,679.9,NSFA39GAD,NSFA39GAD,NSFA39GAD,NSFA39,NSFA23,NSFA23GAD,NSFA23GAD,NSFA23
30,3,-1586.600,1285.0,4.716,3.323,565.6,NSFA39GAD,NSFA39GAD,NSFA23GAD,NSFA23,NSFA23,NSFA23,NSFA23,NSFA39
30,4,-1519.300,1320.0,4.621,3.264,579.5,NSFA39GAD,NSFA39GAD,NSFA23GAD,NSFA23GAD,NSFA39,NSFA23,NSFA23,NSFA23
31,0,-1492.200,1324.0,4.634,3.266,617.0,NSFA39GAD,NSFA39GAD,NSFA455,NSFA23,NSFA23GAD,NSFA23,NSFA23,NSFA23
31,1,-1448.100,1332.0,4.613,3.253,652.9,NSFA39GAD,NSFA39GAD,NSFA455,NSFA455,NSFA23,NSFA23,NSFA23,NSFA23
31,2,-1456.900,1327.0,4.612,3.252,638.1,NSFA39GAD,NSFA39GAD,NSFA455,NSFA23GAD,NSFA23,NSFA455,NSFA23,NSFA23
31,3,-1472.100,1326.0,4.612,3.253,622.5,NSFA39GAD,NSFA39GAD,NSFA455,NSFA23GAD,NSFA23,NSFA23,NSFA39,NSFA39
31,4,-1429.400,1338.0,4.556,3.216,632.6,NSFA39GAD,NSFA39GAD,NSFA455,NSFA23,NSFA23GAD,NSFA39,NSFA39,NSFA23GAD
32,0,-1671.000,1677.0,4.492,3.197,693.0,NSFA39GAD,NSFA39GAD,NSFA39GAD,NSFA23,NSFA23,NSFA23,NSFA455,NSFA23
32,1,-1430.900,1291.0,4.572,3.226,605.5,NSFA39GAD,NSFA39GAD,NSFA23,NSFA23,NSFA39,NSFA39,NSFA455,NSFA23GAD
32,2,-864.900,1135.0,3.858,2.764,608.7,NSFA23GAD,NSFA39GAD,NSFA23,NSFA455,NSFA23,NSFA39,NSFA455,NSFA23
32,3,-1486.900,1280.0,4.63,3.263,594.9,NSFA39GAD,NSFA39GAD,NSFA23,NSFA23GAD,NSFA23,NSFA23,NSFA455,NSFA39
32,4,-110.100,1134.0,3.044,2.188,692.3,NSFA39GAD,NSFA23GAD,NSFA23,NSFA39GAD,NSFA23,NSFA23,NSFA455,NSFA455GAD
33,0,-1609.100,1723.0,4.364,3.115,700.5,NSFA39GAD,NSFA39GAD,NSFA39GAD,NSFA23GAD,NSFA23GAD,NSFA23GAD,NSFA39,NSFA23GAD
33,1,111.300,1631.0,2.663,1.926,935.1,NSFA23,NSFA455GAD,NSFA455GAD,NSFA39GAD,NSFA455GAD,NSFA39,NSFA23GAD,NSFA23
33,2,-14.500,1643.0,2.769,2.0,908.1,NSFA23GAD,NSFA455GAD,NSFA39GAD,NSFA23GAD,NSFA455GAD,NSFA39GAD,NSFA23,NSFA39
33,3,-492.600,1837.0,3.147,2.268,936.0,NSFA39GAD,NSFA455GAD,NSFA39GAD,NSFA455,NSFA455GAD,NSFA455,NSFA23GAD,NSFA39GAD
33,4,-281.100,1223.0,3.325,2.395,757.9,NSFA455GAD,NSFA455GAD,NSFA23,NSFA23GAD,NSFA455GAD,NSFA23GAD,NSFA23GAD,NSFA23GAD
34,0,-45.600,1185.0,2.903,2.094,644.0,NSFA39GAD,NSFA23,NSFA23GAD,NSFA23,NSFA39GAD,NSFA39,NSFA23,NSFA23
34,1,-11.000,1168.0,2.862,2.064,644.2,NSFA39GAD,NSFA23,NSFA23,NSFA23,NSFA39GAD,NSFA23,NSFA23GAD,NSFA23GAD
34,2,-196.300,1513.0,2.958,2.135,752.9,NSFA39GAD,NSFA23,NSFA39GAD,NSFA23,NSFA39GAD,NSFA23GAD,NSFA23,NSFA23
34,3,-9.400,1193.0,2.869,2.07,652.2,NSFA39GAD,NSFA23,NSFA39,NSFA23,NSFA39GAD,NSFA23,NSFA23GAD,NSFA23GAD
34,4,74.500,1388.0,2.852,2.055,808.3,NSFA39GAD,NSFA23,NSFA455GAD,NSFA23,NSFA39GAD,NSFA455,NSFA455,NSFA23
35,0,-1620.300,1711.0,4.416,3.148,717.9,NSFA39GAD,NSFA39GAD,NSFA39GAD,NSFA455,NSFA23,NSFA23,NSFA39,NSFA23
35,1,-1645.600,1701.0,4.424,3.153,688.8,NSFA39GAD,NSFA39GAD,NSFA39GAD,NSFA23,NSFA39,NSFA23,NSFA39,NSFA39
35,2,-1596.600,1284.0,4.726,3.329,563.2,NSFA39GAD,NSFA39GAD,NSFA23GAD,NSFA23,NSFA23,NSFA23,NSFA23GAD,NSFA23
35,3,-842.100,1181.0,3.819,2.742,602.7,NSFA23GAD,NSFA39GAD,NSFA23GAD,NSFA455,NSFA23GAD,NSFA23,NSFA23,NSFA23GAD
35,4,-1449.300,1334.0,4.569,3.229,621.7,NSFA39GAD,NSFA39GAD,NSFA23GAD,NSFA455,NSFA39,NSFA23,NSFA23,NSFA23
36,0,-1600.300,1723.0,4.368,3.118,712.7,NSFA39GAD,NSFA39GAD,NSFA39GAD,NSFA23GAD,NSFA23GAD,NSFA455,NSFA23,NSFA23
36,1,-1416.400,1305.0,4.548,3.211,606.4,NSFA39GAD,NSFA39GAD,NSFA23,NSFA39,NSFA23GAD,NSFA455,NSFA23,NSFA23GAD
36,2,-145.400,1114.0,3.06,2.193,666.4,NSFA455,NSFA455,NSFA39GAD,NSFA23,NSFA23GAD,NSFA455,NSFA455,NSFA23GAD
36,3,-252.800,1113.0,3.122,2.249,617.4,NSFA455,NSFA455,NSFA39GAD,NSFA23GAD,NSFA39,NSFA39,NSFA39,NSFA23
36,4,-20.800,1167.0,2.896,2.109,675.0,NSFA455,NSFA455,NSFA39GAD,NSFA39,NSFA23,NSFA39,NSFA39GAD,NSFA23GAD
37,0,-1646.100,1714.0,4.407,3.144,689.1,NSFA39GAD,NSFA39GAD,NSFA39GAD,NSFA23GAD,NSFA23GAD,NSFA23,NSFA23GAD,NSFA23
37,1,-1576.200,1519.0,4.554,3.224,670.8,NSFA39GAD,NSFA39GAD,NSFA455GAD,NSFA39,NSFA23,NSFA39,NSFA23,NSFA23
37,2,-1356.800,1553.0,4.344,3.084,756.2,NSFA39GAD,NSFA39GAD,NSFA455GAD,NSFA23,NSFA23,NSFA455GAD,NSFA455,NSFA39
37,3,-1420.000,1560.0,4.39,3.117,738.2,NSFA39GAD,NSFA39GAD,NSFA455GAD,NSFA23GAD,NSFA39,NSFA455,NSFA455,NSFA23
37,4,-1505.000,1530.0,4.49,3.182,702.2,NSFA39GAD,NSFA39GAD,NSFA455GAD,NSFA23,NSFA39,NSFA23,NSFA455,NSFA23
38,0,-1608.300,1705.0,4.4,3.137,710.9,NSFA39GAD,NSFA39GAD,NSFA39GAD,NSFA23GAD,NSFA23,NSFA455,NSFA23GAD,NSFA23GAD
38,1,-1668.300,1698.0,4.446,3.169,681.5,NSFA39GAD,NSFA39GAD,NSFA39GAD,NSFA23,NSFA39,NSFA39,NSFA23,NSFA23
38,2,-438.300,1667.0,3.169,2.287,840.5,NSFA23GAD,NSFA39GAD,NSFA39GAD,NSFA23,NSFA23GAD,NSFA23,NSFA39GAD,NSFA39GAD
38,3,-731.300,1566.0,3.536,2.549,750.5,NSFA23GAD,NSFA39GAD,NSFA39GAD,NSFA23,NSFA23,NSFA23GAD,NSFA23,NSFA39GAD
38,4,-124.800,1814.0,2.729,1.973,936.6,NSFA23GAD,NSFA39GAD,NSFA455GAD,NSFA23,NSFA39GAD,NSFA23,NSFA39,NSFA39GAD
39,0,-1677.700,1693.0,4.463,3.179,679.9,NSFA39GAD,NSFA39GAD,NSFA39GAD,NSFA39,NSFA23,NSFA39,NSFA39,NSFA23
39,1,-1645.600,1701.0,4.424,3.153,688.8,NSFA39GAD,NSFA39GAD,NSFA39GAD,NSFA23,NSFA23GAD,NSFA23,NSFA23GAD,NSFA23GAD
39,2,-1656.000,1698.0,4.438,3.163,687.0,NSFA39GAD,NSFA39GAD,NSFA39GAD,NSFA39,NSFA23,NSFA23GAD,NSFA39,NSFA39
39,3,-81.200,1689.0,2.83,2.04,935.8,NSFA39GAD,NSFA455GAD,NSFA39,NSFA455GAD,NSFA39GAD,NSFA455,NSFA455GAD,NSFA455
39,4,-988.200,1624.0,3.83,2.754,792.2,NSFA39GAD,NSFA455GAD,NSFA39GAD,NSFA455GAD,NSFA39,NSFA23GAD,NSFA23GAD,NSFA39
40,0,-1708.300,1686.0,4.499,3.203,671.1,NSFA39GAD,NSFA39GAD,NSFA39GAD,NSFA39,NSFA23,NSFA23,NSFA23,NSFA23
40,1,-1600.300,1723.0,4.368,3.118,712.7,NSFA39GAD,NSFA39GAD,NSFA39GAD,NSFA39,NSFA23GAD,NSFA455,NSFA23,NSFA23
40,2,-1670.900,1695.0,4.455,3.174,682.5,NSFA39GAD,NSFA39GAD,NSFA39GAD,NSFA39,NSFA23,NSFA39,NSFA23,NSFA23GAD
40,3,-1609.100,1723.0,4.364,3.115,700.5,NSFA39GAD,NSFA39GAD,NSFA39GAD,NSFA23GAD,NSFA39,NSFA39,NSFA23GAD,NSFA39
40,4,-1630.600,1688.0,4.441,3.163,703.6,NSFA39GAD,NSFA39GAD,NSFA39GAD,NSFA23,NSFA23,NSFA455,NSFA39,NSFA23GAD
41,0,-1596.600,1284.0,4.726,3.329,563.2,NSFA39GAD,NSFA39GAD,NSFA39,NSFA23,NSFA23,NSFA23,NSFA23GAD,NSFA23
41,1,-1028.900,1394.0,4.122,2.931,744.5,NSFA39GAD,NSFA39GAD,NSFA39,NSFA39,NSFA23,NSFA39,NSFA455GAD,NSFA455GAD
41,2,-1158.400,1350.0,4.315,3.055,722.6,NSFA39GAD,NSFA39GAD,NSFA39,NSFA23,NSFA23,NSFA455,NSFA455,NSFA455GAD
41,3,-1150.900,1386.0,4.258,3.021,722.9,NSFA39GAD,NSFA39GAD,NSFA39,NSFA455,NSFA39,NSFA23,NSFA23,NSFA455GAD
41,4,-558.300,963.0,3.443,2.472,574.1,NSFA39GAD,NSFA39,NSFA39,NSFA23GAD,NSFA23GAD,NSFA23,NSFA23GAD,NSFA455GAD
42,0,-1181.300,1462.0,4.15,2.956,686.3,NSFA455GAD,NSFA39GAD,NSFA455GAD,NSFA39,NSFA39,NSFA23,NSFA23,NSFA39
42,1,-928.600,1249.0,4.011,2.854,660.2,NSFA455GAD,NSFA39GAD,NSFA23,NSFA23GAD,NSFA23,NSFA23,NSFA39,NSFA455GAD
42,2,-1023.400,1473.0,4.066,2.899,787.4,NSFA455GAD,NSFA39GAD,NSFA455GAD,NSFA455,NSFA23,NSFA23,NSFA455,NSFA455
42,3,-869.900,1918.0,3.452,2.489,894.3,NSFA455GAD,NSFA39GAD,NSFA39GAD,NSFA39GAD,NSFA23GAD,NSFA23,NSFA39,NSFA455GAD
42,4,-713.500,1757.0,3.454,2.488,889.9,NSFA455GAD,NSFA39GAD,NSFA455GAD,NSFA39GAD,NSFA23GAD,NSFA23,NSFA23GAD,NSFA455GAD
43,0,-1598.500,1500.0,4.598,3.252,663.9,NSFA39GAD,NSFA39GAD,NSFA455GAD,NSFA23,NSFA23,NSFA23,NSFA23GAD,NSFA23
43,1,-1676.800,1680.0,4.479,3.188,679.6,NSFA39GAD,NSFA39GAD,NSFA39GAD,NSFA23,NSFA23,NSFA39,NSFA39,NSFA23GAD
43,2,158.500,789.0,2.472,1.774,483.7,NSFA23GAD,NSFA39,NSFA23,NSFA39,NSFA23GAD,NSFA39,NSFA23,NSFA455
43,3,348.700,1318.0,2.524,1.82,740.3,NSFA23GAD,NSFA39,NSFA455GAD,NSFA23GAD,NSFA39GAD,NSFA23,NSFA23,NSFA39
43,4,421.300,1149.0,2.481,1.787,757.9,NSFA23GAD,NSFA39,NSFA455GAD,NSFA455,NSFA23,NSFA39GAD,NSFA23,NSFA39GAD
44,0,-461.200,970.0,3.312,2.377,561.8,NSFA39GAD,NSFA39,NSFA39,NSFA23,NSFA23,NSFA23,NSFA23GAD,NSFA39GAD
44,1,472.900,1405.0,2.381,1.715,831.3,NSFA39GAD,NSFA39,NSFA39,NSFA455,NSFA39GAD,NSFA23GAD,NSFA23GAD,NSFA39GAD
44,2,679.400,1311.0,2.168,1.56,765.6,NSFA455,NSFA39,NSFA39,NSFA39,NSFA39GAD,NSFA23,NSFA39,NSFA39GAD
44,3,629.800,1448.0,2.2,1.585,880.8,NSFA39GAD,NSFA39,NSFA39,NSFA23,NSFA39GAD,NSFA455,NSFA455GAD,NSFA39GAD
44,4,458.800,1778.0,2.054,1.479,936.8,NSFA39GAD,NSFA39,NSFA39,NSFA39GAD,NSFA39GAD,NSFA23,NSFA39GAD,NSFA39GAD
45,0,-1567.700,1723.0,4.35,3.105,730.3,NSFA39GAD,NSFA39GAD,NSFA39GAD,NSFA39,NSFA39,NSFA23,NSFA23,NSFA455
45,1,-1061.700,1408.0,4.125,2.935,729.3,NSFA39GAD,NSFA39GAD,NSFA23GAD,NSFA23GAD,NSFA39,NSFA455,NSFA39GAD,NSFA455
45,2,-829.900,901.0,3.769,2.683,559.5,NSFA39GAD,NSFA455,NSFA23GAD,NSFA23,NSFA39,NSFA23,NSFA23GAD,NSFA455
45,3,502.100,1164.0,2.349,1.691,728.3,NSFA39,NSFA39,NSFA23,NSFA39GAD,NSFA39,NSFA455GAD,NSFA39GAD,NSFA455
45,4,-580.800,1214.0,3.6,2.591,685.8,NSFA39,NSFA39GAD,NSFA23GAD,NSFA23,NSFA39,NSFA455GAD,NSFA455,NSFA455
46,0,-1631.500,1718.0,4.389,3.132,693.3,NSFA39GAD,NSFA39GAD,NSFA39GAD,NSFA23GAD,NSFA39,NSFA23GAD,NSFA23GAD,NSFA23
46,1,-1661.100,1711.0,4.424,3.155,684.5,NSFA39GAD,NSFA39GAD,NSFA39GAD,NSFA23GAD,NSFA23GAD,NSFA23,NSFA23,NSFA23
46,2,-1589.100,1733.0,4.359,3.112,726.7,NSFA39GAD,NSFA39GAD,NSFA39GAD,NSFA455,NSFA23GAD,NSFA23,NSFA23,NSFA23
46,3,-1151.100,1931.0,3.787,2.727,902.9,NSFA39GAD,NSFA39GAD,NSFA39GAD,NSFA23GAD,NSFA455GAD,NSFA23GAD,NSFA455,NSFA39
46,4,-1252.200,1896.0,3.895,2.803,855.6,NSFA39GAD,NSFA39GAD,NSFA39GAD,NSFA23,NSFA455GAD,NSFA23,NSFA23GAD,NSFA23
47,0,-1600.300,1723.0,4.368,3.118,712.7,NSFA39GAD,NSFA39GAD,NSFA39GAD,NSFA39,NSFA39,NSFA455,NSFA23,NSFA23
47,1,-1504.800,1749.0,4.278,3.058,762.2,NSFA39GAD,NSFA39GAD,NSFA39GAD,NSFA455,NSFA39,NSFA455,NSFA23,NSFA39
47,2,-1582.600,1259.0,4.709,3.315,562.0,NSFA39GAD,NSFA39GAD,NSFA23,NSFA23,NSFA23,NSFA39,NSFA23,NSFA39
47,3,725.800,974.0,2.102,1.507,742.8,NSFA23GAD,NSFA23GAD,NSFA455,NSFA23,NSFA455,NSFA39GAD,NSFA23GAD,NSFA455GAD
47,4,549.500,1210.0,2.297,1.653,732.1,NSFA23GAD,NSFA23GAD,NSFA39,NSFA23,NSFA39GAD,NSFA23,NSFA23,NSFA455GAD
48,0,-390.800,1006.0,3.321,2.387,641.8,NSFA39GAD,NSFA39,NSFA455,NSFA455,NSFA23GAD,NSFA23GAD,NSFA39GAD,NSFA39
48,1,-1040.500,858.0,3.955,2.803,495.3,NSFA39GAD,NSFA39,NSFA455,NSFA23,NSFA23,NSFA23,NSFA23,NSFA23
48,2,25.300,1160.0,2.963,2.132,761.7,NSFA39GAD,NSFA39,NSFA455,NSFA23,NSFA455GAD,NSFA23GAD,NSFA39GAD,NSFA23
48,3,-334.300,1014.0,3.25,2.336,639.3,NSFA39GAD,NSFA39,NSFA455,NSFA39,NSFA23,NSFA455GAD,NSFA39GAD,NSFA23GAD
48,4,-220.600,1088.0,3.186,2.29,699.8,NSFA39GAD,NSFA39,NSFA455,NSFA455GAD,NSFA23,NSFA455,NSFA39GAD,NSFA23
49,0,-1593.200,1258.0,4.719,3.322,559.6,NSFA39GAD,NSFA39GAD,NSFA23,NSFA23,NSFA23,NSFA39,NSFA23GAD,NSFA23
49,1,-1538.500,1277.0,4.66,3.285,568.5,NSFA39GAD,NSFA39GAD,NSFA23,NSFA23,NSFA23GAD,NSFA23GAD,NSFA23,NSFA23
49,2,-1264.100,1323.0,4.381,3.099,642.7,NSFA39GAD,NSFA39GAD,NSFA23,NSFA23,NSFA23,NSFA39GAD,NSFA455,NSFA23
49,3,-1305.500,1327.0,4.487,3.17,690.3,NSFA39GAD,NSFA39GAD,NSFA23,NSFA455,NSFA455,NSFA23,NSFA23,NSFA23
49,4,-1349.600,1313.0,4.474,3.162,622.2,NSFA39GAD,NSFA39GAD,NSFA23,NSFA23,NSFA23GAD,NSFA455GAD,NSFA23,NSFA23
50,0,-1583.600,1505.0,4.578,3.239,668.0,NSFA39GAD,NSFA39GAD,NSFA455GAD,NSFA23,NSFA23,NSFA39,NSFA39,NSFA23
50,1,-840.200,1358.0,3.816,2.744,662.6,NSFA39,NSFA39GAD,NSFA455GAD,NSFA23,NSFA23GAD,NSFA39,NSFA23GAD,NSFA23GAD
50,2,-763.300,1333.0,3.756,2.682,653.3,NSFA455,NSFA39GAD,NSFA455GAD,NSFA23,NSFA23,NSFA39,NSFA23GAD,NSFA23
50,3,-758.600,1374.0,3.776,2.717,728.0,NSFA39,NSFA39GAD,NSFA455GAD,NSFA23,NSFA455,NSFA23,NSFA39,NSFA23
50,4,-477.100,1562.0,3.34,2.41,838.9,NSFA39,NSFA39GAD,NSFA455GAD,NSFA23,NSFA455GAD,NSFA39,NSFA39,NSFA23GAD
51,0,-1645.200,1684.0,4.458,3.175,699.0,NSFA39GAD,NSFA39GAD,NSFA39GAD,NSFA23,NSFA23,NSFA455,NSFA23,NSFA39
51,1,-167.100,1342.0,3.117,2.243,739.5,NSFA39GAD,NSFA39,NSFA455GAD,NSFA39GAD,NSFA23,NSFA39GAD,NSFA39,NSFA39
51,2,-447.400,1253.0,3.417,2.458,666.2,NSFA39GAD,NSFA39,NSFA455GAD,NSFA39GAD,NSFA23,NSFA23,NSFA39,NSFA23
51,3,-350.200,1288.0,3.325,2.392,687.0,NSFA39GAD,NSFA39,NSFA455GAD,NSFA39GAD,NSFA23GAD,NSFA23GAD,NSFA23,NSFA39
51,4,-146.000,1324.0,3.197,2.301,809.4,NSFA39GAD,NSFA39,NSFA455GAD,NSFA39GAD,NSFA455,NSFA23,NSFA23GAD,NSFA455
52,0,-1676.800,1680.0,4.479,3.188,679.6,NSFA39GAD,NSFA39GAD,NSFA39GAD,NSFA23,NSFA23,NSFA23GAD,NSFA39,NSFA39
52,1,-1646.000,1715.0,4.405,3.143,688.8,NSFA39GAD,NSFA39GAD,NSFA39GAD,NSFA39,NSFA23GAD,NSFA23GAD,NSFA23,NSFA23
52,2,-1677.700,1693.0,4.463,3.179,679.9,NSFA39GAD,NSFA39GAD,NSFA39GAD,NSFA23GAD,NSFA23,NSFA39,NSFA23GAD,NSFA23
52,3,-1646.000,1715.0,4.405,3.143,688.8,NSFA39GAD,NSFA39GAD,NSFA39GAD,NSFA23GAD,NSFA23GAD,NSFA39,NSFA23,NSFA23
52,4,-1622.800,1718.0,4.382,3.127,696.2,NSFA39GAD,NSFA39GAD,NSFA39GAD,NSFA23GAD,NSFA39,NSFA23,NSFA23GAD,NSFA23GAD
53,0,-1645.500,1702.0,4.422,3.152,688.5,NSFA39GAD,NSFA39GAD,NSFA39GAD,NSFA23,NSFA39,NSFA23GAD,NSFA23,NSFA39
53,1,-1623.500,1698.0,4.424,3.153,707.9,NSFA39GAD,NSFA39GAD,NSFA39GAD,NSFA23GAD,NSFA23,NSFA23,NSFA455,NSFA23GAD
53,2,-1545.700,1302.0,4.671,3.294,573.1,NSFA39GAD,NSFA39GAD,NSFA39,NSFA23GAD,NSFA23,NSFA23,NSFA23,NSFA23GAD
53,3,-1506.900,1292.0,4.664,3.287,602.9,NSFA39GAD,NSFA39GAD,NSFA39,NSFA23,NSFA23,NSFA23,NSFA23,NSFA455
53,4,-1630.500,1705.0,4.405,3.141,693.1,NSFA39GAD,NSFA39GAD,NSFA39GAD,NSFA23,NSFA39,NSFA23GAD,NSFA23GAD,NSFA39
54,0,-984.000,2313.0,3.16,2.286,936.6,NSFA39GAD,NSFA39GAD,NSFA39GAD,NSFA39GAD,NSFA39GAD,NSFA455,NSFA23,NSFA23
54,1,-869.800,2403.0,2.913,2.11,936.4,NSFA39GAD,NSFA39GAD,NSFA39GAD,NSFA39GAD,NSFA39GAD,NSFA455GAD,NSFA455GAD,NSFA23
54,2,-879.800,2373.0,2.962,2.144,936.4,NSFA39GAD,NSFA39GAD,NSFA39GAD,NSFA39GAD,NSFA39GAD,NSFA23GAD,NSFA39,NSFA455GAD
54,3,-989.400,2306.0,3.175,2.297,936.8,NSFA39GAD,NSFA39GAD,NSFA39GAD,NSFA39GAD,NSFA39GAD,NSFA23,NSFA39,NSFA39
54,4,-479.800,2157.0,2.74,1.986,936.8,NSFA23GAD,NSFA39GAD,NSFA39GAD,NSFA39GAD,NSFA39GAD,NSFA39,NSFA23GAD,NSFA39
55,0,-1631.500,1718.0,4.389,3.132,693.3,NSFA39GAD,NSFA39GAD,NSFA39GAD,NSFA39,NSFA39,NSFA23GAD,NSFA23GAD,NSFA23
55,1,-1598.600,1701.0,4.406,3.141,721.4,NSFA39GAD,NSFA39GAD,NSFA39GAD,NSFA23GAD,NSFA23,NSFA23,NSFA39,NSFA455
55,2,-1535.500,1711.0,4.354,3.107,753.3,NSFA39GAD,NSFA39GAD,NSFA39GAD,NSFA39,NSFA23,NSFA23GAD,NSFA455,NSFA455
55,3,-1557.900,1696.0,4.39,3.129,743.5,NSFA39GAD,NSFA39GAD,NSFA39GAD,NSFA23,NSFA23,NSFA455,NSFA39,NSFA455
55,4,-1074.000,1498.0,4.061,2.897,758.6,NSFA39GAD,NSFA455GAD,NSFA39GAD,NSFA39,NSFA23GAD,NSFA23,NSFA455,NSFA455
56,0,-1540.300,1276.0,4.664,3.287,569.5,NSFA39GAD,NSFA39GAD,NSFA23,NSFA23GAD,NSFA23,NSFA23GAD,NSFA23,NSFA39
56,1,-960.600,1372.0,4.089,2.907,763.2,NSFA39GAD,NSFA39GAD,NSFA23,NSFA39,NSFA23,NSFA455,NSFA455GAD,NSFA455GAD
56,2,-777.800,1145.0,3.735,2.684,598.6,NSFA39,NSFA39GAD,NSFA23,NSFA23,NSFA23,NSFA23GAD,NSFA455GAD,NSFA23GAD
56,3,-1081.900,1438.0,4.116,2.931,733.1,NSFA39GAD,NSFA39GAD,NSFA23,NSFA455GAD,NSFA23,NSFA23GAD,NSFA455GAD,NSFA39
56,4,-1347.600,1295.0,4.494,3.172,625.2,NSFA39GAD,NSFA39GAD,NSFA23,NSFA23,NSFA23,NSFA23GAD,NSFA455GAD,NSFA23GAD
57,0,-1653.800,1701.0,4.43,3.158,686.0,NSFA39GAD,NSFA39GAD,NSFA39GAD,NSFA23,NSFA23GAD,NSFA39,NSFA39,NSFA23
57,1,-1646.000,1715.0,4.405,3.143,688.8,NSFA39GAD,NSFA39GAD,NSFA39GAD,NSFA23GAD,NSFA39,NSFA39,NSFA23,NSFA23
57,2,-881.600,1870.0,3.563,2.566,925.2,NSFA39GAD,NSFA39GAD,NSFA455GAD,NSFA39GAD,NSFA39,NSFA455,NSFA23,NSFA39GAD
57,3,-724.100,2098.0,3.11,2.244,936.3,NSFA39GAD,NSFA39GAD,NSFA455GAD,NSFA39GAD,NSFA455GAD,NSFA23,NSFA39,NSFA39GAD
57,4,-759.300,1957.0,3.314,2.389,928.7,NSFA455GAD,NSFA39GAD,NSFA39GAD,NSFA39GAD,NSFA39,NSFA455,NSFA23,NSFA39GAD
58,0,-1707.500,1673.0,4.515,3.212,670.7,NSFA39GAD,NSFA39GAD,NSFA39GAD,NSFA23,NSFA23,NSFA23,NSFA23,NSFA23GAD
58,1,-1609.800,1703.0,4.406,3.141,712.2,NSFA39GAD,NSFA39GAD,NSFA39GAD,NSFA23GAD,NSFA23,NSFA23GAD,NSFA455,NSFA23GAD
58,2,-1605.200,1715.0,4.397,3.136,722.2,NSFA39GAD,NSFA39GAD,NSFA39GAD,NSFA455,NSFA23,NSFA39,NSFA39,NSFA23
58,3,-934.200,1546.0,3.744,2.698,700.2,NSFA39,NSFA39GAD,NSFA39GAD,NSFA39,NSFA39,NSFA23GAD,NSFA455,NSFA23GAD
58,4,-835.200,1547.0,3.71,2.674,772.2,NSFA39,NSFA39GAD,NSFA39GAD,NSFA455,NSFA23,NSFA23GAD,NSFA455,NSFA455
59,0,-805.400,1695.0,3.598,2.59,854.8,NSFA39GAD,NSFA39GAD,NSFA455,NSFA455,NSFA39GAD,NSFA39,NSFA23,NSFA23
59,1,-715.400,1710.0,3.497,2.517,875.6,NSFA39GAD,NSFA39GAD,NSFA455,NSFA39,NSFA39GAD,NSFA23,NSFA455GAD,NSFA23
59,2,-645.800,1938.0,3.198,2.306,927.0,NSFA39GAD,NSFA39GAD,NSFA455,NSFA39GAD,NSFA39GAD,NSFA39,NSFA39,NSFA39
59,3,-685.000,1735.0,3.437,2.475,881.8,NSFA39GAD,NSFA39GAD,NSFA455,NSFA23GAD,NSFA39GAD,NSFA455GAD,NSFA23,NSFA23GAD
59,4,-627.000,1774.0,3.325,2.395,886.0,NSFA39GAD,NSFA39GAD,NSFA455,NSFA23GAD,NSFA39GAD,NSFA39GAD,NSFA23,NSFA39
60,0,-1622.800,1718.0,4.382,3.127,696.2,NSFA39GAD,NSFA39GAD,NSFA39GAD,NSFA23GAD,NSFA23GAD,NSFA23,NSFA23GAD,NSFA23GAD
60,1,-1670.900,1695.0,4.455,3.174,682.5,NSFA39GAD,NSFA39GAD,NSFA39GAD,NSFA23GAD,NSFA23,NSFA23GAD,NSFA23,NSFA23GAD
60,2,-1645.600,1701.0,4.424,3.153,688.8,NSFA39GAD,NSFA39GAD,NSFA39GAD,NSFA23,NSFA39,NSFA23,NSFA23GAD,NSFA23GAD
60,3,-1609.100,1723.0,4.364,3.115,700.5,NSFA39GAD,NSFA39GAD,NSFA39GAD,NSFA23GAD,NSFA39,NSFA23GAD,NSFA23GAD,NSFA39
60,4,-1670.900,1695.0,4.455,3.174,682.5,NSFA39GAD,NSFA39GAD,NSFA39GAD,NSFA39,NSFA23,NSFA23GAD,NSFA23,NSFA23GAD
61,0,-1630.500,1705.0,4.405,3.141,693.1,NSFA39GAD,NSFA39GAD,NSFA39GAD,NSFA23,NSFA23GAD,NSFA39,NSFA23GAD,NSFA39
61,1,-1655.300,1681.0,4.473,3.184,697.3,NSFA39GAD,NSFA39GAD,NSFA39GAD,NSFA23,NSFA23,NSFA23GAD,NSFA455,NSFA23
61,2,-1685.100,1690.0,4.474,3.186,678.1,NSFA39GAD,NSFA39GAD,NSFA39GAD,NSFA23GAD,NSFA23,NSFA23,NSFA23,NSFA39
61,3,-1685.100,1690.0,4.474,3.186,678.1,NSFA39GAD,NSFA39GAD,NSFA39GAD,NSFA23GAD,NSFA23,NSFA23,NSFA23,NSFA23GAD
61,4,-1715.200,1672.0,4.523,3.217,668.2,NSFA39GAD,NSFA39GAD,NSFA39GAD,NSFA23,NSFA23,NSFA23,NSFA23GAD,NSFA23
62,0,-1140.700,1519.0,4.028,2.879,688.9,NSFA39GAD,NSFA39GAD,NSFA23,NSFA39GAD,NSFA23GAD,NSFA39,NSFA23GAD,NSFA23GAD
62,1,-967.000,1555.0,3.817,2.74,730.8,NSFA39GAD,NSFA39GAD,NSFA23,NSFA39GAD,NSFA23,NSFA23,NSFA39GAD,NSFA23
62,2,-1203.700,1490.0,4.123,2.939,670.9,NSFA39GAD,NSFA39GAD,NSFA23,NSFA39GAD,NSFA23,NSFA23,NSFA23GAD,NSFA39
62,3,-881.900,1593.0,3.696,2.659,756.9,NSFA39GAD,NSFA39GAD,NSFA23,NSFA39GAD,NSFA39,NSFA39,NSFA39GAD,NSFA23GAD
62,4,-262.700,1412.0,3.193,2.302,779.7,NSFA455,NSFA39GAD,NSFA23,NSFA39GAD,NSFA455,NSFA23GAD,NSFA455,NSFA23GAD
63,0,-1585.500,1705.0,4.394,3.133,728.9,NSFA39GAD,NSFA39GAD,NSFA39GAD,NSFA23GAD,NSFA23,NSFA455,NSFA455,NSFA23
63,1,-825.900,905.0,3.751,2.672,549.7,NSFA39GAD,NSFA39,NSFA455,NSFA23,NSFA23GAD,NSFA23GAD,NSFA455,NSFA23GAD
63,2,-631.200,1230.0,3.671,2.635,690.2,NSFA39GAD,NSFA39,NSFA39GAD,NSFA23,NSFA455,NSFA39,NSFA455,NSFA23GAD
63,3,-809.200,1204.0,3.785,2.712,604.0,NSFA39GAD,NSFA39,NSFA39GAD,NSFA23,NSFA23GAD,NSFA39,NSFA455,NSFA23
63,4,-672.600,816.0,3.473,2.493,484.4,NSFA455GAD,NSFA39,NSFA23GAD,NSFA23,NSFA23,NSFA23,NSFA455,NSFA39
64,0,-1630.600,1688.0,4.441,3.163,703.6,NSFA39GAD,NSFA39GAD,NSFA39GAD,NSFA23,NSFA23,NSFA455,NSFA23GAD,NSFA39
64,1,-1608.300,1705.0,4.4,3.137,710.9,NSFA39GAD,NSFA39GAD,NSFA39GAD,NSFA23GAD,NSFA23,NSFA455,NSFA39,NSFA39
64,2,-1671.000,1694.0,4.457,3.175,682.8,NSFA39GAD,NSFA39GAD,NSFA39GAD,NSFA39,NSFA23,NSFA23,NSFA23GAD,NSFA39
64,3,-1601.200,1719.0,4.376,3.123,714.0,NSFA39GAD,NSFA39GAD,NSFA39GAD,NSFA23GAD,NSFA23GAD,NSFA23,NSFA455,NSFA23
64,4,-1661.200,1698.0,4.441,3.165,684.2,NSFA39GAD,NSFA39GAD,NSFA39GAD,NSFA23,NSFA23GAD,NSFA23,NSFA23,NSFA23GAD
65,0,-661.500,1617.0,3.422,2.469,777.7,NSFA39,NSFA39GAD,NSFA39GAD,NSFA23GAD,NSFA39,NSFA39,NSFA23GAD,NSFA39GAD
65,1,-407.600,1716.0,3.13,2.26,888.4,NSFA39,NSFA39GAD,NSFA39GAD,NSFA455,NSFA39,NSFA39GAD,NSFA39,NSFA39GAD
65,2,-343.100,1994.0,2.77,2.009,936.3,NSFA39,NSFA39GAD,NSFA39GAD,NSFA455GAD,NSFA455GAD,NSFA23,NSFA39,NSFA39GAD
65,3,-223.100,1948.0,2.684,1.943,936.3,NSFA39,NSFA39GAD,NSFA39GAD,NSFA23GAD,NSFA455GAD,NSFA39GAD,NSFA455,NSFA39GAD
65,4,-511.200,1759.0,3.19,2.305,878.8,NSFA39,NSFA39GAD,NSFA39GAD,NSFA455GAD,NSFA23GAD,NSFA23GAD,NSFA39,NSFA39GAD
66,0,-78.800,1612.0,2.885,2.078,906.0,NSFA39GAD,NSFA455,NSFA39GAD,NSFA39GAD,NSFA23GAD,NSFA39GAD,NSFA23GAD,NSFA455GAD
66,1,19.400,1838.0,2.53,1.824,935.8,NSFA39GAD,NSFA455,NSFA39GAD,NSFA39GAD,NSFA455GAD,NSFA455GAD,NSFA39,NSFA455GAD
66,2,-206.600,1538.0,3.086,2.222,871.0,NSFA39GAD,NSFA455,NSFA39GAD,NSFA39GAD,NSFA23GAD,NSFA23GAD,NSFA455,NSFA455GAD
66,3,-100.500,1380.0,3.1,2.232,830.7,NSFA39GAD,NSFA455,NSFA455GAD,NSFA39GAD,NSFA39,NSFA23,NSFA23GAD,NSFA455GAD
66,4,-24.800,1786.0,2.646,1.907,935.8,NSFA39GAD,NSFA455,NSFA39GAD,NSFA39GAD,NSFA455GAD,NSFA455,NSFA23GAD,NSFA455GAD
67,0,-56.600,2088.0,2.319,1.676,936.6,NSFA23GAD,NSFA455GAD,NSFA39GAD,NSFA39GAD,NSFA39GAD,NSFA23,NSFA23,NSFA39GAD
67,1,-146.000,1970.0,2.569,1.855,936.6,NSFA23GAD,NSFA455GAD,NSFA39GAD,NSFA39GAD,NSFA39GAD,NSFA23,NSFA23GAD,NSFA39
67,2,-136.400,1981.0,2.544,1.837,936.4,NSFA23GAD,NSFA455GAD,NSFA39GAD,NSFA39GAD,NSFA39GAD,NSFA23,NSFA455,NSFA23GAD
67,3,332.000,1663.0,2.323,1.692,911.4,NSFA23GAD,NSFA455GAD,NSFA39,NSFA39GAD,NSFA39GAD,NSFA455GAD,NSFA23,NSFA23GAD
67,4,260.800,1570.0,2.427,1.781,842.2,NSFA23GAD,NSFA455GAD,NSFA23,NSFA39GAD,NSFA39GAD,NSFA23GAD,NSFA23,NSFA23GAD
68,0,-265.600,1994.0,2.677,1.942,936.4,NSFA23,NSFA39GAD,NSFA455GAD,NSFA39GAD,NSFA39GAD,NSFA455,NSFA23,NSFA39
68,1,-488.700,1885.0,3.014,2.18,881.9,NSFA23,NSFA39GAD,NSFA39GAD,NSFA39,NSFA39GAD,NSFA23,NSFA455,NSFA23GAD
68,2,-372.800,2208.0,2.551,1.848,936.4,NSFA23,NSFA39GAD,NSFA39GAD,NSFA39GAD,NSFA39GAD,NSFA23GAD,NSFA23,NSFA455GAD
68,3,-433.100,2153.0,2.688,1.949,936.5,NSFA23,NSFA39GAD,NSFA39GAD,NSFA39GAD,NSFA39GAD,NSFA23,NSFA23GAD,NSFA455
68,4,-352.700,1721.0,3.016,2.18,854.7,NSFA23,NSFA39GAD,NSFA455GAD,NSFA23GAD,NSFA39GAD,NSFA23GAD,NSFA23GAD,NSFA39
69,0,-556.300,1823.0,3.171,2.293,882.9,NSFA23GAD,NSFA39GAD,NSFA39GAD,NSFA39GAD,NSFA23,NSFA455GAD,NSFA455GAD,NSFA23GAD
69,1,-540.100,1840.0,3.127,2.26,878.7,NSFA23GAD,NSFA39GAD,NSFA39GAD,NSFA39GAD,NSFA23,NSFA39GAD,NSFA455GAD,NSFA23
69,2,-697.300,1782.0,3.314,2.395,819.3,NSFA23GAD,NSFA39GAD,NSFA39GAD,NSFA39GAD,NSFA23,NSFA455GAD,NSFA39,NSFA23GAD
69,3,-424.100,2061.0,2.785,2.022,936.1,NSFA23GAD,NSFA39GAD,NSFA39GAD,NSFA39GAD,NSFA455GAD,NSFA455,NSFA455GAD,NSFA23GAD
69,4,-402.300,2066.0,2.754,1.998,936.1,NSFA23GAD,NSFA39GAD,NSFA39GAD,NSFA39GAD,NSFA455GAD,NSFA39,NSFA39,NSFA455GAD
70,0,-1622.800,1718.0,4.382,3.127,696.2,NSFA39GAD,NSFA39GAD,NSFA39GAD,NSFA23GAD,NSFA39,NSFA23,NSFA39,NSFA23GAD
70,1,-1645.600,1701.0,4.424,3.153,688.8,NSFA39GAD,NSFA39GAD,NSFA39GAD,NSFA23,NSFA39,NSFA23,NSFA39,NSFA23GAD
70,2,-1647.300,1681.0,4.467,3.18,700.5,NSFA39GAD,NSFA39GAD,NSFA39GAD,NSFA23,NSFA23,NSFA23,NSFA455,NSFA39
70,3,-1598.000,1284.0,4.727,3.33,562.8,NSFA39GAD,NSFA39GAD,NSFA39,NSFA23,NSFA23,NSFA23GAD,NSFA23,NSFA23
70,4,-1564.600,1290.0,4.694,3.308,569.8,NSFA39GAD,NSFA39GAD,NSFA39,NSFA23,NSFA23,NSFA39,NSFA23,NSFA23GAD
71,0,-1661.200,1698.0,4.441,3.165,684.2,NSFA39GAD,NSFA39GAD,NSFA39GAD,NSFA23,NSFA23GAD,NSFA23,NSFA23,NSFA39
71,1,-362.000,1409.0,3.237,2.333,713.6,NSFA39GAD,NSFA23,NSFA39GAD,NSFA39GAD,NSFA23GAD,NSFA455,NSFA39,NSFA23GAD
71,2,-395.200,1379.0,3.3,2.378,702.6,NSFA39GAD,NSFA23,NSFA39GAD,NSFA39GAD,NSFA23,NSFA23GAD,NSFA455,NSFA39
71,3,-407.100,1217.0,3.357,2.418,658.5,NSFA39GAD,NSFA23,NSFA455GAD,NSFA39GAD,NSFA23,NSFA23,NSFA23GAD,NSFA23
71,4,-399.100,1380.0,3.3,2.378,699.7,NSFA39GAD,NSFA23,NSFA39GAD,NSFA39GAD,NSFA23,NSFA455,NSFA39,NSFA39
